Job Title,Company,Location,Via,Age,Time,Link
"Associate Vice President, AML, Risk Assessment [TD Bank]",CareerBeacon,Ontario,via LinkedIn,13 hours ago,Part-time,https://g.co/kgs/mTD7Hv
Anti-Money Laundering Investigator,Infotek Consulting Inc.,"Toronto, ON",via BeBee Canada,2 days ago,Full-time,https://g.co/kgs/wv3KiZ
Aml Team Lead,Aston Carter,"Toronto, ON",via Adzuna,2 days ago,Full-time,https://g.co/kgs/pkeiCw
AML/KYC Operations Analyst Toronto,Randstad,"Toronto, ON",via BeBee Canada,2 days ago,Full-time,https://g.co/kgs/ZbdVXQ
Anti-Money Laundering Investigator,Robert Half,"Toronto, ON",via LinkedIn,1 day ago,Contractor,https://g.co/kgs/wv3KiZ
AML Analyst,CB Canada,"Toronto, ON",via BeBee Canada,2 days ago,Full-time,https://g.co/kgs/6XL4fN
Anti-Money Laundering Analyst,Hays,"Toronto, ON",via BeBee Canada,3 days ago,Full-time,https://g.co/kgs/xMNAFy
"Investigator, AML",Great Canadian Entertainment,"Milton, ON",via BeBee Canada,2 days ago,Full-time,https://g.co/kgs/6girMA
"Manager, Global AML Risk Analytics",Royal Bank of Canada,"Toronto, ON",via Trabajo.org,3 days ago,Full-time,https://g.co/kgs/tFa6hY
"Senior Investigator, Domestic FIU, AML Risk",Scotiabank,"Mississauga, ON",via Scotiabank Jobs,1 day ago,Full-time,https://g.co/kgs/aCJiVi
